"","ID","SiteNumber","Lat","Long","intersection","HUC","elevation","elev_units","geometry"
"1",1,"50009.*A",51.8833333,-176.6422222,98592,"190301030000",NA,"meters",c(-176.642220498756, 51.8833252278571)
"2",2,"50034.*A",61.1738889,-149.9980556,36817,"190204010808",32.3,"meters",c(-149.9980556, 61.1738889)
"3",3,"50054.3*A",71.2847222,-156.7683333,77615,"190602020203",4.53,"meters",c(-156.7683333, 71.2847222)
"4",4,"50061.1*A",60.7783333,-161.8369444,75449,"190305023201",37.7,"meters",c(-161.8369444, 60.7783333)
"5",5,"50114.*A",55.205,-162.7244444,32679,"190301012202",NA,"meters",c(-162.7244444, 55.205)
"6",6,"50124.*A",60.4916667,-145.4775,49283,"190201041605",15.08,"meters",c(-145.4775, 60.4916667)
"7",7,"50140.7*A",70.1952778,-148.4655556,33547,"190604010102",18.35,"meters",c(-148.4655556, 70.1952778)
"8",8,"50153.*A",59.0444444,-158.5052778,99318,"190303031108",NA,"meters",c(-158.5052778, 59.0444444)
"9",9,"50219.*A",64.815,-147.8563889,30307,"190803071306",128.66,"meters",c(-147.8563889, 64.815)
"10",10,"50284.*A",58.4252778,-135.7072222,13292,"190103021405",8.74,"meters",c(-135.7072222, 58.4252778)
"11",11,"50320.*A",59.6455556,-151.4763889,36890,"190203010807",24.59,"meters",c(-151.4763889, 59.6455556)
"12",12,"50385.*A",58.3544444,-134.5783333,12471,"190103010606",4.82,"meters",c(-134.5783333, 58.3544444)
"13",13,"50410.*A",60.5730556,-151.2447222,36586,"190203021809",27.72,"meters",c(-151.2447222, 60.5730556)
"14",14,"50412.03*A",55.3538889,-131.7111111,4797,"190101020403",27.65,"meters",c(-131.7111111, 55.3538889)
"15",15,"50416.*A",58.6763889,-156.6486111,56277,"190302041502",NA,"meters",c(-156.6486111, 58.6763889)
"16",16,"50425.*A",57.7497222,-152.4936111,80368,"190207011506",NA,"meters",c(-152.4936111, 57.7497222)
"17",17,"50429.*A",66.8847222,-162.5980556,100875,"190504031706",0.7,"meters",c(-162.5980556, 66.8847222)
"18",18,"50540.*A",64.5125,-165.4441667,81842,"190501041703",4.29,"meters",c(-165.4441667, 64.5125)
"19",19,"50590.2*A",56.8013889,-132.9461111,82871,"190102101004",33.46,"meters",c(-132.9461111, 56.8013889)
"20",20,"50651.*A",68.0319444,-162.8991667,33227,"190504040804",296.77,"meters",c(-162.8991667, 68.0319444)
"21",21,"50703.*A",57.0466667,-135.3608333,46404,"190102121106",7.82,"meters",c(-135.3608333, 57.0466667)
"22",22,"50801.*A",53.8988889,-166.545,97778,"190301020806",NA,"meters",c(-166.545, 53.8988889)
"23",23,"50825.1*A",61.1341667,-146.2447222,48113,"190202011104",27.62,"meters",c(-146.2447222, 61.1341667)
"24",24,"50905.2*A",56.4841667,-132.3697222,12943,"190102090103",13.69,"meters",c(-132.3697222, 56.4841667)
"25",25,"50920.*A",59.5030556,-139.66,47694,"190104052101",9.47,"meters",c(-139.66, 59.5030556)
"26",26,"00128.*A",33.5880556,-85.8580556,36437,"031501060507",181.99,"meters",c(-85.8580556, 33.5880556)
"27",27,"00164.*A",33.5638889,-86.7522222,4091,"031601110408",184.69,"meters",c(-86.7522222, 33.5638889)
"28",28,"00267.*A",31.3208333,-85.4494444,35125,"031402010503",116.07,"meters",c(-85.4494444, 31.3208333)
"29",29,"00385.1*A",34.6369444,-86.775,35895,"060300020504",190.24,"meters",c(-86.775, 34.6369444)
"30",30,"00437.*A",30.6266667,-88.0680556,54610,"031602050105",6.11,"meters",c(-88.0680556, 30.6266667)
"31",31,"00438.*A",30.6913889,-88.2427778,37005,"031700080601",64.15,"meters",c(-88.2427778, 30.6913889)
"32",32,"00447.*A",32.3005556,-86.3938889,35432,"031502010310",61.59,"meters",c(-86.3938889, 32.3005556)
"33",33,"00455.*A",34.7452778,-87.61,36557,"060300050802",163.3,"meters",c(-87.61, 34.7452778)
"34",34,"00554.*A",33.2205556,-87.6113889,4562,"031601130202",49.11,"meters",c(-87.6113889, 33.2205556)
"35",35,"00975.*A",36.005,-94.17,34825,"110100010403",378.24,"meters",c(-94.17, 36.005)
"36",36,"00975.01*A",36.2813889,-94.3075,19948,"111101030302",387.19,"meters",c(-94.3075, 36.2813889)
"37",37,"00987.*A",35.3363889,-94.3672222,19976,"111101040611",136.91,"meters",c(-94.3672222, 35.3363889)
"38",38,"01023.*A",34.4777778,-93.0961111,37340,"080401010804",155.23,"meters",c(-93.0961111, 34.4777778)
"39",39,"01056.*A",34.7294444,-92.2247222,19995,"111102070204",77.38,"meters",c(-92.2247222, 34.7294444)
"40",40,"01188.*A",33.4536111,-93.9908333,4392,"111403020704",113.16,"meters",c(-93.9908333, 33.4536111)
"41",41,"51513.7*A",14.2155556,-169.4238889,NA,"",NA,"meters",c(-169.4238889, 14.2155556)
"42",42,"51524.1*A",14.1841667,-169.67,NA,"",NA,"meters",c(-169.67, 14.1841667)
"43",43,"51525.*A",14.3313889,-170.7113889,NA,"",NA,"meters",c(-170.7113889, 14.3313889)
"44",44,"00640.5*A",35.1558333,-114.5594444,84259,"150301010302",208.51,"meters",c(-114.5594444, 35.1558333)
"45",45,"00674.*A",35.1402778,-111.6691667,2584,"150200150104",2133.97,"meters",c(-111.6691667, 35.1402778)
"46",46,"00682.*A",31.5883333,-110.3441667,20942,"150502020807",1414.55,"meters",c(-110.3441667, 31.5883333)
"47",47,"00700.1*A",35.9522222,-112.1469444,35214,"150100040803",2002.03,"meters",c(-112.1469444, 35.9522222)
"48",48,"00716.*A",35.2594444,-113.9380556,37299,"150100070202",1036.88,"meters",c(-113.9380556, 35.2594444)
"49",49,"00742.2*A",36.9258333,-111.4483333,100250,"140700061008",1298.62,"meters",c(-111.4483333, 36.9258333)
"50",50,"00749.*A",35.9861111,-113.8166667,34906,"150100050306",1455.65,"meters",c(-113.8166667, 35.9861111)
"51",51,"00754.*A",33.4341667,-112.0113889,36522,"150601060306",341.52,"meters",c(-112.0113889, 33.4341667)
"52",52,"00753.*A",33.3077778,-111.6552778,34347,"150501000808",416.21,"meters",c(-111.6552778, 33.3077778)
"53",53,"00763.*A",34.6547222,-112.4191667,34995,"150602020107",1520.69,"meters",c(-112.4191667, 34.6547222)
"54",54,"00794.1*A",34.2652778,-110.0055556,37195,"150200050105",1953.68,"meters",c(-110.0055556, 34.2652778)
"55",55,"00816.*A",32.1158333,-110.9408333,21648,"150503010905",791.39,"meters",c(-110.9408333, 32.1158333)
"56",56,"00841.*A",32.6563889,-114.6058333,20953,"150301080301",57.06,"meters",c(-114.6058333, 32.6563889)
"57",57,"01255.1*A",40.9777778,-124.1083333,57349,"180101020503",61.78,"meters",c(-124.1083333, 40.9777778)
"58",58,"01291.*A",35.4336111,-119.0575,38266,"180300120801",146.71,"meters",c(-119.0575, 35.4336111)
"59",59,"01353.*A",34.2005556,-118.3586111,5788,"180701050208",220.94,"meters",c(-118.3586111, 34.2005556)
"60",60,"01376.1*A",33.1280556,-117.28,85156,"180703030502",96.17,"meters",c(-117.28, 33.1280556)
"61",61,"01395.*A",39.7952778,-121.8583333,83706,"180201570601",68.17,"meters",c(-121.8583333, 39.7952778)
"62",62,"01437.*A",37.9894444,-122.0566667,57682,"180500010204",5.79,"meters",c(-122.0566667, 37.9894444)
"63",63,"01464.*A",41.78,-124.2363889,57145,"180101010504",17.56,"meters",c(-124.2363889, 41.78)
"64",64,"01591.*A",36.7763889,-119.7186111,59943,"180300090503",100.62,"meters",c(-119.7186111, 36.7763889)
"65",65,"01683.*A",32.8341667,-115.5786111,23134,"181002040801",-16.67,"meters",c(-115.5786111, 32.8341667)
"66",66,"01794.*A",33.8175,-118.1516667,2019,"180701060702",12.35,"meters",c(-118.1516667, 33.8175)
"67",67,"01818.*A",33.9422222,-118.4080556,5800,"180701060101",34.27,"meters",c(-118.4080556, 33.9422222)
"68",68,"01857.*A",37.6238889,-118.8386111,58772,"180901020207",2166.68,"meters",c(-118.8386111, 37.6238889)
"69",69,"01886.*A",37.2847222,-120.5138889,82538,"180400011703",46.47,"meters",c(-120.5138889, 37.2847222)
"70",70,"01896.*A",37.6258333,-120.9541667,82464,"180400091402",26.71,"meters",c(-120.9541667, 37.6258333)
"71",71,"01914.*A",36.5869444,-121.8427778,5468,"180600150304",61.33,"meters",c(-121.8427778, 36.5869444)
"72",72,"01971.*A",37.7211111,-122.2211111,57062,"180500041001",0,"meters",c(-122.2211111, 37.7211111)
"73",73,"01986.*A",34.0558333,-117.6011111,84505,"180702030704",281.52,"meters",c(-117.6011111, 34.0558333)
"74",74,"02001.*A",34.2005556,-119.2072222,5550,"180701030202",11.44,"meters",c(-119.2072222, 34.2005556)
"75",75,"02017.*A",33.8294444,-116.5066667,58543,"181002010205",129.94,"meters",c(-116.5066667, 33.8294444)
"76",76,"02089.*A",40.5088889,-122.2933333,2031,"180201540305",151.38,"meters",c(-122.2933333, 40.5088889)
"77",77,"02124.2*A",38.6952778,-121.5905556,84170,"180201610402",7.94,"meters",c(-121.5905556, 38.6952778)
"78",78,"02154.*A",34.0952778,-117.2347222,84390,"180702030508",340.74,"meters",c(-117.2347222, 34.0952778)
"79",79,"02170.*A",32.7333333,-117.1894444,84025,"180703041202",4.67,"meters",c(-117.1894444, 32.7333333)
"80",80,"02187.*A",37.6186111,-122.3752778,57062,"180500041001",3.05,"meters",c(-122.3752778, 37.6186111)
"81",81,"02204.*A",37.3625,-121.9288889,56814,"180500030306",14.42,"meters",c(-121.9288889, 37.3625)
"82",82,"02211.*A",35.2372222,-120.6425,38402,"180600060702",57.33,"meters",c(-120.6425, 35.2372222)
"83",83,"02230.*A",33.6755556,-117.8680556,84571,"180702040103",14.63,"meters",c(-117.8680556, 33.6755556)
"84",84,"02235.*A",34.4261111,-119.8413889,5343,"180600130202",2.78,"meters",c(-119.8413889, 34.4261111)
"85",85,"02251.*A",34.8997222,-120.4580556,38323,"180600080502",68.33,"meters",c(-120.4580556, 34.8997222)
"86",86,"02260.*A",38.5094444,-122.8127778,59793,"180101100706",36.12,"meters",c(-122.8127778, 38.5094444)
"87",87,"02314.*A",37.8941667,-121.2380556,57589,"180400510403",8.22,"meters",c(-121.2380556, 37.8941667)
"88",88,"02407.*A",34.5972222,-117.3827778,83670,"180902080603",868.75,"meters",c(-117.3827778, 34.5972222)
"89",89,"02510.*A",37.435,-105.8677778,30433,"130100020207",2297.2,"meters",c(-105.8677778, 37.435)
"90",90,"02517.*A",39.2216667,-106.8680556,58966,"140100040602",2362.51,"meters",c(-106.8680556, 39.2216667)
"91",91,"02543.*A",38.8055556,-104.7005556,8794,"110200030302",1864.2,"meters",c(-104.7005556, 38.8055556)
"92",92,"02546.1*A",37.3027778,-108.6280556,84524,"140802020301",1803.01,"meters",c(-108.6280556, 37.3027778)
"93",93,"02573.*A",39.8616667,-104.6730556,57922,"101900030404",1635.69,"meters",c(-104.6730556, 39.8616667)
"94",94,"02569.*A",39.9086111,-105.1169444,57924,"101900030406",1713.08,"meters",c(-105.1169444, 39.9086111)
"95",95,"02586.1*A",37.1513889,-107.7536111,6304,"140801040802",2027.96,"meters",c(-107.7536111, 37.1513889)
"96",96,"02588.*A",39.6425,-106.9158333,56962,"140100030605",1975.44,"meters",c(-106.9158333, 39.6425)
"97",97,"02603.1*A",40.4516667,-105.0111111,53454,"101900071002",1523.14,"meters",c(-105.0111111, 40.4516667)
"98",98,"02624.*A",39.1222222,-108.5266667,59353,"140100051602",1473.45,"meters",c(-108.5266667, 39.1222222)
"99",99,"02631.*A",38.5341667,-106.9316667,5725,"140200030605",2335.75,"meters",c(-106.9316667, 38.5341667)
"100",100,"02635.7*A",40.4811111,-107.2175,58346,"140500011104",2007.86,"meters",c(-107.2175, 40.4811111)
"101",101,"02692.*A",38.5097222,-107.8941667,85141,"140200060606",1743.07,"meters",c(-107.8941667, 38.5097222)
"102",102,"02709.*A",38.2897222,-104.4977778,57137,"110200021202",1426.92,"meters",c(-104.4977778, 38.2897222)
"103",103,"02742.*A",37.9536111,-107.9086111,84839,"140300030105",2746.16,"meters",c(-107.9086111, 37.9536111)
"104",104,"51531.*A",14.1741667,-145.2411111,NA,"",NA,"meters",c(-145.2411111, 14.1741667)
"105",105,"51523.2*A",15.12,-145.7297222,NA,"",NA,"meters",c(-145.7297222, 15.12)
"106",106,"51533.1*A",14.9991667,-145.6191667,NA,"",NA,"meters",c(-145.6191667, 14.9991667)
"107",107,"02785.*A",41.1633333,-73.1261111,82758,"011000060303",1.52,"meters",c(-73.1261111, 41.1633333)
"108",108,"02823.*A",41.33,-72.045,82522,"011000030303",2.8,"meters",c(-72.045, 41.33)
"109",109,"02858.*A",41.2636111,-72.8866667,82627,"011000040208",1.72,"meters",c(-72.8866667, 41.2636111)
"110",110,"02946.*A",41.9388889,-72.6833333,38393,"010802050104",51.61,"meters",c(-72.6833333, 41.9388889)
"111",111,"03001.*A",38.8513889,-77.0375,35906,"020700100301",3.66,"meters",c(-77.0375, 38.8513889)
"112",112,"03002.*A",38.9472222,-77.4597222,52943,"020700080902",86.19,"meters",c(-77.4597222, 38.9472222)
"113",113,"02967.*A",39.1294444,-75.4658333,21097,"020402070205",5.36,"meters",c(-75.4658333, 39.1294444)
"114",114,"02999.*A",39.6786111,-75.6063889,21100,"020402050505",20.86,"meters",c(-75.6063889, 39.6786111)
"115",115,"03147.*A",29.1797222,-81.0580556,13552,"030802010202",8.73,"meters",c(-81.0580556, 29.1797222)
"116",116,"03192.*A",26.0716667,-80.1494444,10934,"030902061300",1.94,"meters",c(-80.1494444, 26.0716667)
"117",117,"03198.2*A",26.5361111,-81.755,102177,"030902040101",8.41,"meters",c(-81.755, 26.5361111)
"118",118,"03210.*A",29.69,-82.2716667,9383,"030801021104",38.75,"meters",c(-82.2716667, 29.69)
"119",119,"03250.1*A",30.4938889,-81.6877778,796,"030801031601",5.97,"meters",c(-81.6877778, 30.4938889)
"120",120,"03263.*A",24.5561111,-81.7594444,10737,"030902030300",0.82,"meters",c(-81.7594444, 24.5561111)
"121",121,"03283.*A",27.9888889,-82.0183333,5536,"031002040103",39.98,"meters",c(-82.0183333, 27.9888889)
"122",122,"03314.*A",24.7261111,-81.0511111,10732,"030902030200",1.12,"meters",c(-81.0511111, 24.7261111)
"123",123,"03321.*A",28.1025,-80.645,102001,"030802020301",7.55,"meters",c(-80.645, 28.1025)
"124",124,"03333.*A",25.7952778,-80.29,102067,"030902061500",2.33,"meters",c(-80.29, 25.7952778)
"125",125,"03379.*A",26.1522222,-81.7755556,102090,"030902040603",1.7,"meters",c(-81.7755556, 26.1522222)
"126",126,"03394.*A",29.1716667,-82.2238889,779,"030801020600",23.15,"meters",c(-82.2238889, 29.1716667)
"127",127,"03407.*A",28.4291667,-81.3088889,89609,"030901010102",25.3,"meters",c(-81.3088889, 28.4291667)
"128",128,"03407.1*A",28.7769444,-81.2347222,6860,"030801011105",13.47,"meters",c(-81.2347222, 28.7769444)
"129",129,"03430.3*A",30.3580556,-85.7955556,6249,"031401010603",19.52,"meters",c(-85.7955556, 30.3580556)
"130",130,"03435.*A",30.4733333,-87.1863889,54639,"031401050401",28.38,"meters",c(-87.1863889, 30.4733333)
"131",131,"03455.*A",26.9188889,-81.9908333,1870,"031001011108",6.37,"meters",c(-81.9908333, 26.9188889)
"132",132,"03484.*A",27.3952778,-82.5541667,5849,"031002010102",6.56,"meters",c(-82.5541667, 27.3952778)
"133",133,"03468.*A",29.9591667,-81.3397222,89085,"030802010502",1.55,"meters",c(-81.3397222, 29.9591667)
"134",134,"03475.*A",27.9086111,-82.6863889,10720,"031002060602",1.91,"meters",c(-82.6863889, 27.9086111)
"135",135,"03509.1*A",30.3966667,-84.3508333,89713,"031200010601",17.46,"meters",c(-84.3508333, 30.3966667)
"136",136,"03513.*A",27.9752778,-82.5330556,9497,"031002060203",7.34,"meters",c(-82.5330556, 27.9752778)
"137",137,"03532.*A",28.5147222,-80.7991667,102084,"030802020202",8.97,"meters",c(-80.7991667, 28.5147222)
"138",138,"03534.*A",30.4830556,-86.5258333,8517,"031401020604",21.27,"meters",c(-86.5258333, 30.4830556)
"139",139,"03540.*A",27.6555556,-80.4177778,89556,"030802030303",5.65,"meters",c(-80.4177778, 27.6555556)
"140",140,"03555.*A",26.6830556,-80.0955556,102146,"030902060800",3.87,"meters",c(-80.0955556, 26.6830556)
"141",141,"03616.*A",31.5352778,-84.1944444,85313,"031300080202",57.55,"meters",c(-84.1944444, 31.5352778)
"142",142,"03637.*A",33.9486111,-83.3258333,13705,"030701010505",241.67,"meters",c(-83.3258333, 33.9486111)
"143",143,"03640.*A",33.6366667,-84.4277778,13804,"031300050101",304.65,"meters",c(-84.4277778, 33.6366667)
"144",144,"03650.*A",33.3697222,-81.9644444,89069,"030601060607",41.27,"meters",c(-81.9644444, 33.3697222)
"145",145,"03683.*A",31.2588889,-81.4661111,7225,"030702030201",7.97,"meters",c(-81.4661111, 31.2588889)
"146",146,"03728.*A",32.5161111,-84.9386111,11528,"031300030303",117.57,"meters",c(-84.9386111, 32.5161111)
"147",147,"03902.*A",32.6927778,-83.6491667,5900,"030701031506",105.88,"meters",c(-83.6491667, 32.6927778)
"148",148,"03992.*A",32.1275,-81.2019444,89076,"030601090307",10.79,"meters",c(-81.2019444, 32.1275)
"149",149,"04071.*A",30.7811111,-83.2761111,8907,"031102021001",59.65,"meters",c(-83.2761111, 30.7811111)
"150",150,"51510.*A",13.4838889,-144.7969444,NA,"",NA,"meters",c(-144.7969444, 13.4838889)
"151",151,"52095.*A",19.72,-155.0483333,8699,"200100000407",8.53,"meters",c(-155.04832867531, 19.7200044547601)
"152",152,"52161.*A",21.3177778,-157.92,8133,"200600000305",1.78,"meters",c(-157.919994691416, 21.3177819375629)
"153",153,"52240.*A",20.8986111,-156.4302778,9119,"200200000202",7,"meters",c(-156.430272833573, 20.8986152971344)
"154",154,"52250.2*A",19.7386111,-156.0455556,8747,"200100001105",12.19,"meters",c(-156.04555075489, 19.738615576447)
"155",155,"52294.*A",21.1527778,-157.0961111,8107,"200500000402",132,"meters",c(-157.096105978195, 21.1527819532675)
"156",156,"52390.*A",20.9627778,-156.6727778,8149,"200200000704",77.82,"meters",c(-156.672772777926, 20.9627819881583)
"157",157,"52402.*A",20.7855556,-156.9513889,8180,"200400000401",396,"meters",c(-156.951383822491, 20.7855598406925)
"158",158,"52420.*A",21.9758333,-159.3388889,8201,"200700000206",33.01,"meters",c(-159.338883256644, 21.9758373208523)
"159",159,"05884.*A",41.8844444,-91.7105556,13542,"070802081007",261.72,"meters",c(-91.7105556, 41.8844444)
"160",160,"05950.*A",41.5338889,-93.6630556,89784,"071000061703",275.11,"meters",c(-93.6630556, 41.5338889)
"161",161,"05957.*A",42.4019444,-90.7094444,6673,"070600060702",320.71,"meters",c(-90.7094444, 42.4019444)
"162",162,"05999.*A",42.5511111,-94.1916667,89934,"071000040404",340.31,"meters",c(-94.1916667, 42.5511111)
"163",163,"06164.*A",43.1577778,-93.3311111,11713,"070802030203",363.53,"meters",c(-93.3311111, 43.1577778)
"164",164,"06341.*A",42.4025,-96.3841667,89989,"102300010305",333.46,"meters",c(-96.3841667, 42.4025)
"165",165,"06402.*A",42.5569444,-92.4002778,3788,"070802050702",264.46,"meters",c(-92.4002778, 42.5569444)
"166",166,"04149.*A",43.5641667,-116.2227778,75287,"170501140202",868.56,"meters",c(-116.2227778, 43.5641667)
"167",167,"04177.*A",47.7741667,-116.8194444,74338,"170103050200",700.47,"meters",c(-116.8194444, 47.7741667)
"168",168,"04206.*A",43.5036111,-114.2955556,96704,"170402190602",1612.08,"meters",c(-114.2955556, 43.5036111)
"169",169,"04209.*A",43.5136111,-112.0705556,9693,"170402010503",1446.06,"meters",c(-112.0705556, 43.5136111)
"170",170,"04234.*A",46.3744444,-117.0152778,79749,"170601030307",436.09,"meters",c(-117.0152778, 46.3744444)
"171",171,"04288.*A",42.9097222,-112.5958333,75786,"170402060904",1355.87,"meters",c(-112.5958333, 42.9097222)
"172",172,"04344.1*A",42.4816667,-114.4875,75004,"170402120607",1261.98,"meters",c(-114.4875, 42.4816667)
"173",173,"04372.*A",38.8897222,-90.0458333,10589,"071401010206",163.09,"meters",c(-90.0458333, 38.8897222)
"174",174,"04413.*A",38.545,-89.835,10568,"071402040510",128.07,"meters",c(-89.835, 38.545)
"175",175,"04431.*A",40.4769444,-88.9158333,5895,"071300090503",262.94,"meters",c(-88.9158333, 40.4769444)
"176",176,"04458.8*A",38.5702778,-90.155,14523,"071401010503",123.67,"meters",c(-90.155, 38.5702778)
"177",177,"04477.*A",37.7780556,-89.2519444,7091,"071401060809",124.72,"meters",c(-89.2519444, 37.7780556)
"178",178,"04494.*A",40.0386111,-88.2777778,7201,"071402010203",228.03,"meters",c(-88.2777778, 40.0386111)
"179",179,"04507.*A",41.7858333,-87.7522222,7119,"071200040705",185.05,"meters",c(-87.7522222, 41.7858333)
"180",180,"04508.*A",41.9772222,-87.9077778,7057,"071200040506",201.01,"meters",c(-87.9077778, 41.9772222)
"181",181,"04974.*A",42.1952778,-89.0972222,13061,"070900060803",221.22,"meters",c(-89.0972222, 42.1952778)
"182",182,"04564.*A",39.8344444,-88.8655556,9982,"071300060409",205.94,"meters",c(-88.8655556, 39.8344444)
"183",183,"04850.*A",37.7547222,-89.0108333,6933,"071401060705",142.5,"meters",c(-89.0108333, 37.7547222)
"184",184,"04858.1*A",39.4777778,-88.2797222,8823,"051201120603",218.99,"meters",c(-88.2797222, 39.4777778)
"185",185,"04868.*A",41.4480556,-90.5075,12149,"070900051301",176.37,"meters",c(-90.5075, 41.4480556)
"186",186,"04891.*A",38.3233333,-88.8583333,89042,"071401060102",142.53,"meters",c(-88.8583333, 38.3233333)
"187",187,"04938.*A",40.6641667,-89.6930556,89422,"071300030303",196.55,"meters",c(-89.6930556, 40.6641667)
"188",188,"04958.*A",39.9427778,-91.1944444,3381,"071300110201",231.59,"meters",c(-91.1944444, 39.9427778)
"189",189,"05008.*A",39.8441667,-89.6780556,88766,"071300080203",179.76,"meters",c(-89.6780556, 39.8441667)
"190",190,"05126.*A",39.1458333,-86.6166667,87905,"051202020301",253.64,"meters",c(-86.6166667, 39.1458333)
"191",191,"05192.*A",39.2616667,-85.8961111,16271,"051202050606",198.46,"meters",c(-85.8961111, 39.2616667)
"192",192,"05257.*A",38.0405556,-87.5283333,520,"051402020303",116.44,"meters",c(-87.5283333, 38.0405556)
"193",193,"05282.*A",40.9783333,-85.195,470,"051201011003",242.53,"meters",c(-85.195, 40.9783333)
"194",194,"05303.*A",41.6172222,-87.4144444,30994,"071200030406",179.09,"meters",c(-87.4144444, 41.6172222)
"195",195,"05375.*A",39.7172222,-86.2944444,88377,"051202011309",236.59,"meters",c(-86.2944444, 39.7172222)
"196",196,"05412.*A",40.4122222,-86.9366667,60827,"051201080203",181.72,"meters",c(-86.9366667, 40.4122222)
"197",197,"05511.*A",40.2422222,-85.3955556,86282,"051202010302",284.67,"meters",c(-85.3955556, 40.2422222)
"198",198,"05661.*A",41.7080556,-86.3172222,54309,"040500012207",234.79,"meters",c(-86.3172222, 41.7080556)
"199",199,"05689.*A",39.4513889,-87.3075,87575,"051201110603",175.27,"meters",c(-87.3075, 39.4513889)
"200",200,"05701.*A",41.4538889,-87.0069444,7619,"071200011004",231.5,"meters",c(-87.0069444, 41.4538889)
"201",201,"06557.*A",37.7630556,-99.9652778,85338,"110300060204",788.59,"meters",c(-99.9652778, 37.7630556)
"202",202,"06621.*A",37.9275,-100.7241667,60258,"110300030101",878.75,"meters",c(-100.7241667, 37.9275)
"203",203,"06636.*A",38.3441667,-98.8591667,86288,"110300040503",573.6,"meters",c(-98.8591667, 38.3441667)
"204",204,"06650.1*A",38.8422222,-99.2730556,88327,"102600070304",607.52,"meters",c(-99.2730556, 38.8422222)
"205",205,"06685.*A",38.0652778,-97.8605556,86952,"110300120304",462.46,"meters",c(-97.8605556, 38.0652778)
"206",206,"06729.*A",37.0438889,-100.9597222,64729,"110400060506",875.61,"meters",c(-100.9597222, 37.0438889)
"207",207,"06748.*A",39.1411111,-96.6716667,64422,"102701010207",318.58,"meters",c(-96.6716667, 39.1411111)
"208",208,"06878.*A",38.7905556,-97.6522222,15700,"102600100407",382.22,"meters",c(-97.6522222, 38.7905556)
"209",209,"06932.*A",38.9508333,-95.6636111,62896,"102701040104",319.11,"meters",c(-95.6636111, 38.9508333)
"210",210,"06975.4*A",37.6497222,-97.4330556,20050,"110300130105",401.53,"meters",c(-97.4330556, 37.6497222)
"211",211,"07055.*A",36.9644444,-86.4194444,85446,"051100020607",159.39,"meters",c(-86.4194444, 36.9644444)
"212",212,"07090.*A",39.0486111,-84.6677778,85977,"050902030806",263.04,"meters",c(-84.6677778, 39.0486111)
"213",213,"07233.*A",38.0366667,-84.6086111,63919,"051002050901",281.68,"meters",c(-84.6086111, 38.0366667)
"214",214,"07243.*A",38.1738889,-85.7363889,19248,"051401021201",143.87,"meters",c(-85.7363889, 38.1738889)
"215",215,"07308.1*A",37.7386111,-87.1666667,86449,"051100050307",121.36,"meters",c(-87.1666667, 37.7386111)
"216",216,"07312.*A",37.0602778,-88.7727778,64204,"051402060303",122.22,"meters",c(-88.7727778, 37.0602778)
"217",217,"07411.*A",31.3272222,-92.5483333,87492,"080801020204",25.12,"meters",c(-92.5483333, 31.3272222)
"218",218,"07425.*A",30.5327778,-91.1497222,63747,"080702010402",20.47,"meters",c(-91.1497222, 30.5327778)
"219",219,"07589.*A",30.205,-91.9875,64606,"080801030109",11.86,"meters",c(-91.9875, 30.205)
"220",220,"07594.3*A",30.2105556,-93.1430556,84318,"080802030705",4.64,"meters",c(-93.1430556, 30.2105556)
"221",221,"07594.1*A",30.1258333,-93.2233333,64709,"080802060201",3.08,"meters",c(-93.2233333, 30.1258333)
"222",222,"07658.*A",32.5108333,-92.0375,32388,"080500011306",23.52,"meters",c(-92.0375, 32.5108333)
"223",223,"07670.*A",30.0375,-91.8838889,31334,"080801030205",6.25,"meters",c(-91.8838889, 30.0375)
"224",224,"07675.*A",29.9930556,-90.2588889,32086,"080902030102",-0.37,"meters",c(-90.2588889, 29.9930556)
"225",225,"07735.*A",32.4463889,-93.8255556,64160,"111402060104",68.92,"meters",c(-93.8255556, 32.4463889)
"226",226,"08750.*A",42.4697222,-71.2888889,20981,"010700061301",37.81,"meters",c(-71.2888889, 42.4697222)
"227",227,"08778.*A",42.3627778,-71.0063889,15601,"010900011005",4.37,"meters",c(-71.0063889, 42.3627778)
"228",228,"08995.*A",41.6691667,-70.2802778,15612,"010900020203",9.26,"meters",c(-70.2802778, 41.6691667)
"229",229,"09110.*A",41.2527778,-70.0597222,1553,"010900020700",9.31,"meters",c(-70.0597222, 41.2527778)
"230",230,"09304.02*A",42.1938889,-72.5347222,82718,"010802040402",71.69,"meters",c(-72.5347222, 42.1938889)
"231",231,"09362.*A",41.3933333,-70.6136111,1554,"010900020602",17.59,"meters",c(-70.6136111, 41.3933333)
"232",232,"09398.*A",42.1577778,-72.7158333,13202,"010802060305",79.69,"meters",c(-72.7158333, 42.1577778)
"233",233,"09462.*A",42.2669444,-71.8755556,15644,"010900030101",299.24,"meters",c(-71.8755556, 42.2669444)
"234",234,"08456.*A",39.1755556,-76.6688889,64896,"020600031102",44.45,"meters",c(-76.6688889, 39.1755556)
"235",235,"08569.*A",39.7083333,-77.7263889,87274,"020700041005",212.16,"meters",c(-77.7263889, 39.7083333)
"236",236,"08645.*A",38.34,-75.5094444,85746,"020801100302",13.99,"meters",c(-75.5094444, 38.34)
"237",237,"07825.*A",44.8072222,-68.8280556,64611,"010200050805",51.35,"meters",c(-68.8280556, 44.8072222)
"238",238,"07828.*A",44.4497222,-68.3613889,24077,"010500021408",23.73,"meters",c(-68.3613889, 44.4497222)
"239",239,"08215.*A",43.6455556,-70.3086111,82158,"010600010402",15.85,"meters",c(-70.3086111, 43.6455556)
"240",240,"08221.*A",46.6888889,-68.0447222,41447,"010100041107",142.47,"meters",c(-68.0447222, 46.6888889)
"241",241,"09518.*A",45.0780556,-83.5602778,24244,"040700030403",207.14,"meters",c(-83.5602778, 45.0780556)
"242",242,"09548.*A",42.3063889,-85.25,64377,"040500030503",282.13,"meters",c(-85.25, 42.3063889)
"243",243,"09749.*A",42.2122222,-83.3533333,44302,"040900040702",193.49,"meters",c(-83.3533333, 42.2122222)
"244",244,"09750.*A",42.24,-83.5308333,44305,"040900040302",216.35,"meters",c(-83.5308333, 42.24)
"245",245,"09788.*A",45.7225,-87.0936111,38689,"040301110210",181.68,"meters",c(-87.0936111, 45.7225)
"246",246,"09809.*A",42.9652778,-83.7447222,29804,"040802040305",235.47,"meters",c(-83.7447222, 42.9652778)
"247",247,"09852.*A",42.8808333,-85.5227778,86445,"040500070408",240.87,"meters",c(-85.5227778, 42.8808333)
"248",248,"09881.*A",47.1683333,-88.4888889,24378,"040201030304",324.11,"meters",c(-88.4888889, 47.1683333)
"249",249,"09962.*A",45.8183333,-88.1144444,38702,"040301080702",343.4,"meters",c(-88.1144444, 45.8183333)
"250",250,"09968.*A",46.5272222,-90.1313889,24787,"040103020108",374.33,"meters",c(-90.1313889, 46.5272222)
"251",251,"09986.*A",42.2341667,-85.5513889,64456,"040500030604",264.22,"meters",c(-85.5513889, 42.2341667)
"252",252,"10010.*A",42.7786111,-84.5861111,60928,"040500040704",258.5,"meters",c(-84.5861111, 42.7786111)
"253",253,"10049.*A",44.2722222,-86.2466667,38719,"040601030705",187.67,"meters",c(-86.2466667, 44.2722222)
"254",254,"10064.02*A",46.3536111,-87.3952778,31378,"040301100110",362.53,"meters",c(-87.3952778, 46.3536111)
"255",255,"10127.*A",43.1675,-86.2352778,38743,"040601011011",189.55,"meters",c(-86.2352778, 43.1675)
"256",256,"10218.*A",45.5708333,-84.7966667,23615,"040700040206",216.7,"meters",c(-84.7966667, 45.5708333)
"257",257,"10232.*A",42.6655556,-83.4202778,29966,"040900030108",295.33,"meters",c(-83.4202778, 42.6655556)
"258",258,"10299.*A",43.5327778,-84.0794444,24390,"040802060203",201.39,"meters",c(-84.0794444, 43.5327778)
"259",259,"10329.*A",46.2505556,-84.4722222,54102,"042000021001",241.91,"meters",c(-84.4722222, 46.2505556)
"260",260,"10379.*A",44.7413889,-85.5816667,37946,"040601050706",187.38,"meters",c(-85.5816667, 44.7413889)
"261",261,"10546.*A",47.5105556,-94.9347222,254,"070101010502",423.06,"meters",c(-94.9347222, 47.5105556)
"262",262,"10576.*A",46.4041667,-94.1336111,266,"070101040505",373.59,"meters",c(-94.1336111, 46.4041667)
"263",263,"10653.*A",46.8419444,-92.1936111,23206,"040102020501",432.84,"meters",c(-92.1936111, 46.8419444)
"264",264,"10737.*A",47.3863889,-92.8388889,100290,"040102010601",410.52,"meters",c(-92.8388889, 47.3863889)
"265",265,"10749.*A",48.5655556,-93.4019444,99377,"090300080501",357.79,"meters",c(-93.4019444, 48.5655556)
"266",266,"10824.*A",44.8819444,-93.2216667,60789,"070200121110",251.53,"meters",c(-93.2216667, 44.8819444)
"267",267,"10950.1*A",43.9080556,-92.5,62147,"070400040104",396.17,"meters",c(-92.5, 43.9080556)
"268",268,"10962.1*A",45.5463889,-94.0597222,255,"070102030303",310.4,"meters",c(-94.0597222, 45.5463889)
"269",269,"11024.*A",48.0655556,-96.185,60020,"090203030301",339.46,"meters",c(-96.185, 48.0655556)
"270",270,"11567.*A",36.5319444,-93.2002778,21869,"110100030102",379.11,"meters",c(-93.2002778, 36.5319444)
"271",271,"11605.*A",37.2252778,-89.5705556,58355,"080202040102",102.5,"meters",c(-89.5705556, 37.2252778)
"272",272,"11651.1*A",38.8180556,-92.2194444,63713,"103001020902",267.83,"meters",c(-92.2194444, 38.8180556)
"273",273,"11810.*A",37.1516667,-94.4980556,61359,"110702070608",295.44,"meters",c(-94.4980556, 37.1516667)
"274",274,"11816.*A",39.1227778,-94.5927778,60872,"103001010301",226.61,"meters",c(-94.5927778, 39.1227778)
"275",275,"11816.6*A",39.2975,-94.7138889,62196,"102400120710",304.17,"meters",c(-94.7138889, 39.2975)
"276",276,"11834.*A",40.0933333,-92.5447222,62265,"102802030101",293.37,"meters",c(-92.5447222, 40.0933333)
"277",277,"12138.*A",37.2455556,-93.3886111,61420,"102901060204",383.75,"meters",c(-93.3886111, 37.2455556)
"278",278,"12074.*A",39.7719444,-94.9094444,87910,"102400110104",246.86,"meters",c(-94.9094444, 39.7719444)
"279",279,"12077.*A",38.7486111,-90.37,55252,"103002000802",163.17,"meters",c(-90.37, 38.7486111)
"280",280,"12082.5*A",38.6619444,-90.6519444,14295,"103002000702",140.76,"meters",c(-90.6519444, 38.6619444)
"281",281,"52653.*A",28.2013889,-177.3811111,NA,"",NA,"meters",c(-177.3811111, 28.2013889)
"282",282,"11140.1*A",30.3677778,-89.4544444,63779,"031700091305",4.21,"meters",c(-89.4544444, 30.3677778)
"283",283,"11194.51*A",33.4480556,-88.5913889,61365,"031601040605",80.08,"meters",c(-88.5913889, 33.4480556)
"284",284,"11244.*A",33.4827778,-90.9855556,29096,"080302071305",38.3,"meters",c(-90.9855556, 33.4827778)
"285",285,"11253.*A",30.4072222,-89.07,63498,"031700090602",7.68,"meters",c(-89.07, 30.4072222)
"286",286,"11255.1*A",31.4669444,-89.3369444,61979,"031700040904",89.94,"meters",c(-89.3369444, 31.4669444)
"287",287,"11280.*A",32.3111111,-90.0758333,63008,"031800020604",100.73,"meters",c(-90.0758333, 32.3111111)
"288",288,"11339.*A",32.3325,-88.7516667,61609,"031700010603",87.83,"meters",c(-88.7516667, 32.3325)
"289",289,"11358.*A",31.6136111,-91.2972222,26953,"080601000401",81.43,"meters",c(-91.2972222, 31.6136111)
"290",290,"11375.1*A",34.3841667,-89.5366667,14302,"080302010903",126.68,"meters",c(-89.5366667, 34.3841667)
"291",291,"11458.2*A",34.685,-90.3477778,24275,"080302040801",59.11,"meters",c(-90.3477778, 34.685)
"292",292,"11462.*A",34.2688889,-88.7697222,61166,"031601020404",104.68,"meters",c(-88.7697222, 34.2688889)
"293",293,"12265.*A",45.8075,-108.5427778,92978,"100700041005",1091.07,"meters",c(-108.5427778, 45.8075)
"294",294,"12278.*A",45.7775,-111.1519444,61734,"100200081302",1357.27,"meters",c(-111.1519444, 45.7775)
"295",295,"12286.*A",45.9547222,-112.4972222,79436,"170102010201",1684.85,"meters",c(-112.4972222, 45.9547222)
"296",296,"12381.*A",47.4825,-111.3705556,85832,"100301040907",1117.26,"meters",c(-111.3705556, 47.4825)
"297",297,"12402.*A",46.6066667,-111.9833333,4191,"100301011310",1172.5,"meters",c(-111.9833333, 46.6066667)
"298",298,"12418.*A",48.3102778,-114.2558333,7300,"170102080204",905.02,"meters",c(-114.2558333, 48.3102778)
"299",299,"12426.*A",47.0491667,-109.4666667,92420,"100401030706",1266.39,"meters",c(-109.4666667, 47.0491667)
"300",300,"12453.*A",46.9161111,-114.0905556,8103,"170102040205",974.1,"meters",c(-114.0905556, 46.9161111)
"301",301,"12503.*A",47.7066667,-104.1925,93883,"101000042209",601.8,"meters",c(-104.1925, 47.7066667)
"302",302,"12549.1*A",44.6883333,-111.1175,91174,"100200070205",2023.29,"meters",c(-111.1175, 44.6883333)
"303",303,"12573.*A",48.0944444,-105.575,90762,"100600011402",604.8,"meters",c(-105.575, 48.0944444)
"304",304,"16517.5*A",35.4344444,-82.5425,92777,"060101050704",651.47,"meters",c(-82.5425, 35.4344444)
"305",305,"16608.*A",35.2136111,-80.9488889,68337,"030501030103",215.3,"meters",c(-80.9488889, 35.2136111)
"306",306,"16644.2*A",35.3875,-80.7088889,71069,"030401050106",204.19,"meters",c(-80.7088889, 35.3875)
"307",307,"16723.*A",34.9911111,-78.8802778,90112,"030300040707",55.8,"meters",c(-78.8802778, 34.9911111)
"308",308,"16758.*A",36.1011111,-79.9411111,93552,"030300020102",277.96,"meters",c(-79.9411111, 36.1011111)
"309",309,"16761.*A",35.6355556,-77.3838889,92987,"030201030404",7.32,"meters",c(-77.3838889, 35.6355556)
"310",310,"16793.*A",35.7411111,-81.3894444,91125,"030501010804",351.7,"meters",c(-81.3894444, 35.7411111)
"311",311,"16815.1*A",34.8291667,-77.6119444,91591,"030300070402",27.42,"meters",c(-77.6119444, 34.8291667)
"312",312,"16836.*A",35.3313889,-77.6086111,90038,"030202020305",26.14,"meters",c(-77.6086111, 35.3313889)
"313",313,"16971.*A",35.0727778,-77.0427778,90476,"030202040305",4.92,"meters",c(-77.0427778, 35.0727778)
"314",314,"17035.*A",35.8775,-78.7872222,93393,"030202010801",127.39,"meters",c(-78.7872222, 35.8775)
"315",315,"17066.*A",35.8561111,-77.8916667,91433,"030201010606",46.43,"meters",c(-77.8916667, 35.8561111)
"316",316,"17211.*A",34.2711111,-77.9027778,14024,"030300070808",8.49,"meters",c(-77.9027778, 34.2711111)
"317",317,"17220.*A",36.1336111,-80.2219444,71737,"030401011304",290.16,"meters",c(-80.2219444, 36.1336111)
"318",318,"17265.*A",46.7725,-100.7455556,65646,"101301031505",500.42,"meters",c(-100.7455556, 46.7725)
"319",319,"17302.*A",48.1163889,-98.91,47379,"090202011202",441.1,"meters",c(-98.91, 48.1163889)
"320",320,"17304.*A",46.7972222,-102.8016667,1370,"101302020302",786.94,"meters",c(-102.8016667, 46.7972222)
"321",321,"17328.*A",46.9205556,-96.8155556,62055,"090201040504",273.05,"meters",c(-96.8155556, 46.9205556)
"322",322,"17349.1*A",47.9472222,-97.1736111,71101,"090203070304",256.75,"meters",c(-97.1736111, 47.9472222)
"323",323,"17367.*A",46.9297222,-98.6780556,3767,"101600030303",455.31,"meters",c(-98.6780556, 46.9297222)
"324",324,"17418.*A",48.2575,-101.2777778,22954,"090100081210",512.75,"meters",c(-101.2777778, 48.2575)
"325",325,"17496.1*A",48.1777778,-103.6422222,15298,"101101010303",587.43,"meters",c(-103.6422222, 48.1777778)
"326",326,"12597.*A",42.0530556,-102.8036111,69030,"101500030505",1196.29,"meters",c(-102.8036111, 42.0530556)
"327",327,"12674.*A",42.8375,-103.0952778,70662,"101402010506",1001.2,"meters",c(-103.0952778, 42.8375)
"328",328,"12743.*A",40.9675,-98.3094444,65151,"102001030401",560.91,"meters",c(-98.3094444, 40.9675)
"329",329,"12783.*A",40.7269444,-99.0066667,65050,"102001020305",648.54,"meters",c(-99.0066667, 40.7269444)
"330",330,"12794.*A",40.8508333,-96.7588889,65592,"102002030406",360.13,"meters",c(-96.7588889, 40.8508333)
"331",331,"12808.*A",40.2061111,-100.5919444,45961,"102500040703",779.49,"meters",c(-100.5919444, 40.2061111)
"332",332,"12842.*A",41.1261111,-100.6836111,66045,"102001010109",844.13,"meters",c(-100.6836111, 41.1261111)
"333",333,"12854.*A",41.3030556,-95.8938889,769,"102300060601",297.91,"meters",c(-95.8938889, 41.3030556)
"334",334,"12915.*A",41.8738889,-103.5955556,72182,"101800090807",1204.28,"meters",c(-103.5955556, 41.8738889)
"335",335,"13332.*A",42.9327778,-71.4355556,21571,"010700060703",69.09,"meters",c(-71.4355556, 42.9327778)
"336",336,"13386.*A",43.0777778,-70.8230556,22135,"010600030904",24.15,"meters",c(-70.8230556, 43.0777778)
"337",337,"13487.*A",39.4575,-74.5769444,65509,"020403020401",19.56,"meters",c(-74.5769444, 39.4575)
"338",338,"14052.*A",40.6922222,-74.1686111,11756,"020301040203",2.74,"meters",c(-74.1686111, 40.6922222)
"339",339,"14349.*A",40.85,-74.0608333,45768,"020301030906",0.72,"meters",c(-74.0608333, 40.85)
"340",340,"14366.*A",40.2766667,-74.8133333,21161,"020401050911",57.24,"meters",c(-74.8133333, 40.2766667)
"341",341,"14532.*A",35.0388889,-106.6080556,67688,"130202030304",1620.24,"meters",c(-106.6080556, 35.0388889)
"342",342,"14559.*A",32.3372222,-104.2633333,33342,"130600111203",992.4,"meters",c(-104.2633333, 32.3372222)
"343",343,"14578.*A",34.4263889,-103.0775,69954,"120500020203",1278.79,"meters",c(-103.0775, 34.4263889)
"344",344,"14607.*A",36.7411111,-108.2297222,67842,"140801050302",1675.96,"meters",c(-108.2297222, 36.7411111)
"345",345,"14621.*A",32.6875,-103.2172222,66504,"120800030610",1112.87,"meters",c(-103.2172222, 32.6875)
"346",346,"14636.*A",32.2891667,-106.9219444,25236,"130301020608",1354.32,"meters",c(-106.9219444, 32.2891667)
"347",347,"14719.*A",33.3013889,-104.5305556,46151,"130600070504",1113.75,"meters",c(-104.5305556, 33.3013889)
"348",348,"14726.01*A",33.4608333,-105.53,44181,"130600080105",2062.95,"meters",c(-105.53, 33.4608333)
"349",349,"14728.*A",35.6169444,-106.0891667,66956,"130202010107",1922.51,"meters",c(-106.0891667, 35.6169444)
"350",350,"14737.*A",32.6363889,-108.1561111,24674,"130302020303",1645.25,"meters",c(-108.1561111, 32.6363889)
"351",351,"13051.*A",39.2994444,-114.8416667,70032,"160600081402",1903.56,"meters",c(-114.8416667, 39.2994444)
"352",352,"13083.*A",36.08,-115.1522222,65099,"150100150708",643.39,"meters",c(-115.1522222, 36.08)
"353",353,"13082.*A",36.2105556,-115.1944444,65091,"150100150604",667.24,"meters",c(-115.1944444, 36.2105556)
"354",354,"13123.*A",39.4988889,-119.7680556,71455,"160501020508",1342.01,"meters",c(-119.7680556, 39.4988889)
"355",355,"14789.*A",42.7488889,-73.8019444,67670,"020200041110",84.29,"meters",c(-73.8019444, 42.7488889)
"356",356,"14904.*A",42.2083333,-75.9794444,66944,"020501030201",486.72,"meters",c(-75.9794444, 42.2083333)
"357",357,"14954.*A",42.9402778,-78.7305556,42248,"042701010404",215.73,"meters",c(-78.7305556, 42.9402778)
"358",358,"15203.*A",42.1597222,-76.8916667,69289,"020501050403",287.25,"meters",c(-76.8916667, 42.1597222)
"359",359,"15236.*A",40.7286111,-73.4133333,14526,"020302020202",20.9,"meters",c(-73.4133333, 40.7286111)
"360",360,"15309.*A",43.3411111,-73.6102778,22782,"020200030503",97.32,"meters",c(-73.6102778, 43.3411111)
"361",361,"15488.*A",42.4911111,-76.4586111,71013,"041402011103",329.85,"meters",c(-76.4586111, 42.4911111)
"362",362,"15491.*A",42.1533333,-79.2577778,16509,"050100020207",523.7,"meters",c(-79.2577778, 42.1533333)
"363",363,"15647.*A",44.9361111,-74.845,45440,"042900040502",61.27,"meters",c(-74.845, 44.9361111)
"364",364,"15713.11*A",41.7013889,-74.795,72275,"020401040103",419.32,"meters",c(-74.795, 41.7013889)
"365",365,"15793.*A",40.6397222,-73.7786111,15385,"020301040502",2.76,"meters",c(-73.7786111, 40.6397222)
"366",366,"15794.*A",40.7772222,-73.8725,44537,"020301020104",1.46,"meters",c(-73.8725, 40.7772222)
"367",367,"15783.*A",40.795,-73.1,14596,"020302020305",25.78,"meters",c(-73.1, 40.795)
"368",368,"15752.*A",41.5038889,-74.1047222,69389,"020200080502",141.32,"meters",c(-74.1047222, 41.5038889)
"369",369,"15800.*A",43.1075,-78.9458333,42215,"042701010805",178.54,"meters",c(-78.9458333, 43.1075)
"370",370,"15851.*A",44.6816667,-75.4652778,44840,"042900031003",88.49,"meters",c(-75.4652778, 44.6816667)
"371",371,"15957.01*A",44.6508333,-73.4680556,45571,"043001081402",57.48,"meters",c(-73.4680556, 44.6508333)
"372",372,"15989.2*A",41.6263889,-73.8841667,69377,"020200080206",47.24,"meters",c(-73.8841667, 41.6263889)
"373",373,"16034.*A",43.1188889,-77.6716667,45904,"041300030701",167.74,"meters",c(-77.6716667, 43.1188889)
"374",374,"16040.*A",43.2336111,-75.4069444,22791,"020200040303",147.63,"meters",c(-75.4069444, 43.2336111)
"375",375,"16097.*A",44.3852778,-74.2061111,45432,"043001060202",502.8,"meters",c(-74.2061111, 44.3852778)
"376",376,"16269.*A",43.1111111,-76.1061111,71184,"041402011508",125.35,"meters",c(-76.1061111, 43.1111111)
"377",377,"16367.*A",43.9916667,-76.0205556,56428,"041403020402",96.26,"meters",c(-76.0205556, 43.9916667)
"378",378,"16433.*A",41.0669444,-73.7075,100947,"011000060405",121.71,"meters",c(-73.7075, 41.0669444)
"379",379,"17521.*A",40.915,-81.4436111,65986,"050400010302",366.09,"meters",c(-81.4436111, 40.915)
"380",380,"17731.*A",39.1033333,-84.4186111,44467,"050902021406",143.64,"meters",c(-84.4186111, 39.1033333)
"381",381,"17757.*A",41.5177778,-81.6825,56482,"041100030504",176.56,"meters",c(-81.6825, 41.5177778)
"382",382,"17746.*A",41.4091667,-81.8544444,71286,"041100010203",236.39,"meters",c(-81.8544444, 41.4091667)
"383",383,"17787.*A",40.0797222,-83.0730556,17655,"050600011102",274.46,"meters",c(-83.0730556, 40.0797222)
"384",384,"17788.*A",39.9969444,-82.8919444,17669,"050600011505",247.18,"meters",c(-82.8919444, 39.9969444)
"385",385,"17786.*A",39.8136111,-82.9277778,17675,"050600011805",223.27,"meters",c(-82.9277778, 39.8136111)
"386",386,"17818.*A",39.9022222,-84.2191667,70435,"050800011405",305.08,"meters",c(-84.2191667, 39.9022222)
"387",387,"18157.*A",40.8213889,-82.5163889,66312,"050400020103",392.35,"meters",c(-82.5163889, 40.8213889)
"388",388,"18577.*A",41.5866667,-83.8077778,46197,"041000090803",203.87,"meters",c(-83.8077778, 41.5866667)
"389",389,"18717.*A",39.4277778,-83.7919444,44080,"050902020604",320.87,"meters",c(-83.7919444, 39.4277778)
"390",390,"18753.*A",41.2613889,-80.6802778,16153,"050301030503",350.75,"meters",c(-80.6802778, 41.2613889)
"391",391,"19063.*A",34.5675,-98.4163889,19385,"111302020302",334.81,"meters",c(-98.4163889, 34.5675)
"392",392,"19136.*A",35.3930556,-97.6005556,43027,"110902020302",393.11,"meters",c(-97.6005556, 35.3930556)
"393",393,"19241.*A",36.1613889,-97.0858333,20459,"110500030106",292.53,"meters",c(-97.0858333, 36.1613889)
"394",394,"19283.*A",36.1983333,-95.8880556,71097,"110701070404",191.96,"meters",c(-95.8880556, 36.1983333)
"395",395,"19434.*A",44.1244444,-123.2119444,46763,"170900030108",109.91,"meters",c(-123.2119444, 44.1244444)
"396",396,"19481.*A",42.1561111,-121.7330556,26129,"180102041201",1246.59,"meters",c(-121.7330556, 42.1561111)
"397",397,"19514.*A",42.3741667,-122.8733333,47545,"171003080202",399.52,"meters",c(-122.8733333, 42.3741667)
"398",398,"19538.*A",44.5802778,-124.0577778,37429,"171002050502",41.79,"meters",c(-124.0577778, 44.5802778)
"399",399,"19541.*A",43.4169444,-124.2469444,11394,"171003040306",7.06,"meters",c(-124.2469444, 43.4169444)
"400",400,"19562.*A",45.6947222,-118.8427778,73263,"170701030802",450.19,"meters",c(-118.8427778, 45.6947222)
"401",401,"19571.*A",45.5886111,-122.5966667,15631,"170900120201",7.92,"meters",c(-122.5966667, 45.5886111)
"402",402,"19580.*A",44.2538889,-121.1497222,46703,"170703051005",934.89,"meters",c(-121.1497222, 44.2538889)
"403",403,"19595.*A",44.9094444,-123.0025,47237,"170900070301",60.97,"meters",c(-123.0025, 44.9094444)
"404",404,"19673.*A",40.6522222,-75.4402778,21403,"020401060813",117.21,"meters",c(-75.4402778, 40.6522222)
"405",405,"19685.*A",40.2961111,-78.32,41624,"020503020304",451.7,"meters",c(-78.32, 40.2961111)
"406",406,"19905.*A",41.8027778,-78.6397222,40235,"050100010601",645.15,"meters",c(-78.6397222, 41.8027778)
"407",407,"20243.1*A",41.1780556,-78.8986111,41980,"050100060304",547.07,"meters",c(-78.8986111, 41.1780556)
"408",408,"20355.*A",42.0830556,-80.1738889,56424,"041201010406",221.57,"meters",c(-80.1738889, 42.0830556)
"409",409,"20420.*A",41.3772222,-79.8605556,16439,"050100030804",468.12,"meters",c(-79.8605556, 41.3772222)
"410",410,"20503.*A",40.1930556,-76.7625,43349,"020503051011",91.5,"meters",c(-76.7625, 40.1930556)
"411",411,"20640.*A",40.3152778,-78.8344444,16064,"050100070310",695.14,"meters",c(-78.8344444, 40.3152778)
"412",412,"20700.*A",40.1222222,-76.2941667,19773,"020503061001",118.85,"meters",c(-76.2941667, 40.1222222)
"413",413,"20724.*A",40.2744444,-79.4066667,43195,"050100080106",347.96,"meters",c(-79.4066667, 40.2744444)
"414",414,"21217.*A",39.8722222,-75.2408333,21168,"020402020507",1.8,"meters",c(-75.2408333, 39.8722222)
"415",415,"21252.*A",40.4913889,-80.2325,16352,"050301010304",345.39,"meters",c(-80.2325, 40.4913889)
"416",416,"21329.*A",40.3783333,-75.965,21429,"020402030604",96.76,"meters",c(-75.965, 40.3783333)
"417",417,"21545.1*A",40.8491667,-77.8486111,30074,"020502040106",372.43,"meters",c(-77.8486111, 40.8491667)
"418",418,"21781.*A",41.3383333,-75.7233333,29730,"020501070110",284.88,"meters",c(-75.7233333, 41.3383333)
"419",419,"21791.*A",41.2416667,-76.9216667,29678,"020502060605",158.7,"meters",c(-76.9216667, 41.2416667)
"420",420,"53004.*A",18.4947222,-67.1294444,1585,"210100020507",66.23,"meters",c(-67.1294444, 18.4947222)
"421",421,"53146.*A",18.0080556,-66.5627778,55405,"210100040310",7,"meters",c(-66.5627778, 18.0080556)
"422",422,"53180.1*A",18.4391667,-66.0019444,55469,"210100050501",3.03,"meters",c(-66.0019444, 18.4391667)
"423",423,"22024.*A",41.7238889,-71.4280556,15442,"010900040902",14.49,"meters",c(-71.4280556, 41.7238889)
"424",424,"22102.*A",34.4944444,-82.7091667,41178,"030601030401",229.51,"meters",c(-82.7091667, 34.4944444)
"425",425,"22174.*A",32.8986111,-80.0402778,41728,"030502010604",12.04,"meters",c(-80.0402778, 32.8986111)
"426",426,"22209.*A",33.9386111,-81.1194444,40320,"030501100104",64.58,"meters",c(-81.1194444, 33.9386111)
"427",427,"22276.*A",34.1852778,-79.7238889,43177,"030402010903",41.37,"meters",c(-79.7238889, 34.1852778)
"428",428,"22310.*A",34.7580556,-82.3763889,41165,"030501090402",287.58,"meters",c(-82.3763889, 34.7580556)
"429",429,"22316.1*A",34.8955556,-82.2186111,44202,"030501080102",288.36,"meters",c(-82.2186111, 34.8955556)
"430",430,"22328.51*A",32.2241667,-80.6972222,44411,"030502080608",4.57,"meters",c(-80.6972222, 32.2241667)
"431",431,"22444.*A",33.6797222,-78.9283333,11123,"030402080306",5.83,"meters",c(-78.9283333, 33.6797222)
"432",432,"22603.*A",45.4480556,-98.4222222,4194,"101600032003",396.27,"meters",c(-98.4222222, 45.4480556)
"433",433,"22631.*A",44.3044444,-96.8188889,18266,"101702020602",492.15,"meters",c(-96.8188889, 44.3044444)
"434",434,"22702.*A",44.385,-98.2283333,4309,"101600060803",391.21,"meters",c(-98.2283333, 44.385)
"435",435,"22762.*A",44.3825,-100.2858333,3335,"101401010303",523.63,"meters",c(-100.2858333, 44.3825)
"436",436,"22776.*A",44.0452778,-103.0572222,42286,"101201100204",965.13,"meters",c(-103.0572222, 44.0452778)
"437",437,"22789.*A",43.5819444,-96.7416667,4182,"101702031203",433.32,"meters",c(-96.7416667, 43.5819444)
"438",438,"22822.*A",44.9138889,-97.1547222,16543,"101702010504",527.3,"meters",c(-97.1547222, 44.9138889)
"439",439,"22884.*A",36.475,-82.4072222,94169,"060101020603",458.58,"meters",c(-82.4072222, 36.475)
"440",440,"22899.*A",35.035,-85.2033333,89324,"060200010905",204.21,"meters",c(-85.2033333, 35.035)
"441",441,"23023.*A",35.5997222,-88.9155556,18014,"080102050303",126.8,"meters",c(-88.9155556, 35.5997222)
"442",442,"23046.*A",35.8091667,-83.9952778,94552,"060102010205",292.25,"meters",c(-83.9952778, 35.8091667)
"443",443,"23097.*A",35.0422222,-89.9766667,54994,"080102110103",90.84,"meters",c(-89.9766667, 35.0422222)
"444",444,"23103.02*A",35.3563889,-89.8702778,30649,"080102090302",90.7,"meters",c(-89.8702778, 35.3563889)
"445",445,"23121.*A",36.1244444,-86.6780556,22565,"051302020102",173.99,"meters",c(-86.6780556, 36.1244444)
"446",446,"23189.*A",36.0088889,-86.52,22430,"051302030305",156.35,"meters",c(-86.52, 36.0088889)
"447",447,"23287.*A",32.4111111,-99.6816667,96940,"120601020707",545.25,"meters",c(-99.6816667, 32.4111111)
"448",448,"23328.*A",35.2191667,-101.7058333,96907,"111203010101",1097.8,"meters",c(-101.7058333, 35.2191667)
"449",449,"23337.22*A",29.1086111,-95.4619444,11124,"120402050400",8.25,"meters",c(-95.4619444, 29.1086111)
"450",450,"23369.*A",30.1944444,-97.6697222,96299,"120902050409",149.76,"meters",c(-97.6697222, 30.1944444)
"451",451,"23416.*A",29.9508333,-94.0205556,97401,"120402010300",3.55,"meters",c(-94.0205556, 29.9508333)
"452",452,"23499.*A",25.9061111,-97.4258333,30031,"121102080900",5.21,"meters",c(-97.4258333, 25.9061111)
"453",453,"23635.*A",30.5883333,-96.3636111,18848,"120701010705",94.76,"meters",c(-96.3636111, 30.5883333)
"454",454,"23657.2*A",27.7708333,-97.5011111,51740,"121102020103",11.64,"meters",c(-97.5011111, 27.7708333)
"455",455,"23713.*A",32.8469444,-96.8516667,30528,"120301050101",144.94,"meters",c(-96.8516667, 32.8469444)
"456",456,"23710.6*A",32.8972222,-97.0375,96890,"120301020705",176.77,"meters",c(-97.0375, 32.8972222)
"457",457,"23745.*A",29.3741667,-100.9269444,23839,"130800010204",299.92,"meters",c(-100.9269444, 29.3741667)
"458",458,"23830.*A",31.8072222,-106.3761111,23319,"130401000103",1201.63,"meters",c(-106.3761111, 31.8072222)
"459",459,"23882.2*A",31.0672222,-97.8288889,97431,"120702030507",304.58,"meters",c(-97.8288889, 31.0672222)
"460",460,"23895.3*A",32.9875,-97.3186111,14435,"120301040302",213.15,"meters",c(-97.3186111, 32.9875)
"461",461,"23887.*A",32.8197222,-97.3622222,97425,"120301020501",206.21,"meters",c(-97.3622222, 32.8197222)
"462",462,"24012.*A",26.2269444,-97.655,29042,"121102080700",9.5,"meters",c(-97.655, 26.2269444)
"463",463,"24067.3*A",29.6072222,-95.1586111,94276,"120402040100",8.78,"meters",c(-95.1586111, 29.6072222)
"464",464,"24071.1*A",29.9844444,-95.3413889,97135,"120401040603",26.86,"meters",c(-95.3413889, 29.9844444)
"465",465,"24071.*A",29.6452778,-95.2788889,97211,"120401040502",12.97,"meters",c(-95.2788889, 29.6452778)
"466",466,"24194.*A",27.5441667,-99.4613889,23856,"130800022804",150.06,"meters",c(-99.4613889, 27.5441667)
"467",467,"24239.*A",32.3838889,-94.7113889,18836,"120100020606",107.17,"meters",c(-94.7113889, 32.3838889)
"468",468,"24245.*A",33.6636111,-101.8205556,14049,"120500020508",991.63,"meters",c(-101.8205556, 33.6636111)
"469",469,"24260.*A",26.1758333,-98.2386111,28636,"121102080100",29.05,"meters",c(-98.2386111, 26.1758333)
"470",470,"24353.*A",31.9425,-102.2016667,94860,"120800050404",870.36,"meters",c(-102.2016667, 31.9425)
"471",471,"24693.*A",31.3575,-100.4961111,93901,"120901020507",581.17,"meters",c(-100.4961111, 31.3575)
"472",472,"24709.*A",29.5338889,-98.4688889,27233,"121003010102",237.79,"meters",c(-98.4688889, 29.5338889)
"473",473,"24947.*A",32.3536111,-95.4025,96868,"120200010105",162.97,"meters",c(-95.4025, 32.3536111)
"474",474,"24971.*A",28.8525,-96.9183333,53271,"121004020103",31.92,"meters",c(-96.9183333, 28.8525)
"475",475,"24976.*A",31.6119444,-97.2302778,14619,"120602020801",154.49,"meters",c(-97.2302778, 31.6119444)
"476",476,"25029.*A",33.9886111,-98.4916667,15113,"111302060501",300.76,"meters",c(-98.4916667, 33.9886111)
"477",477,"25117.*A",37.7008333,-113.0986111,50628,"160300060407",1705.35,"meters",c(-113.0986111, 37.7008333)
"478",478,"25186.*A",41.7911111,-111.8513889,27923,"160102020702",1354.67,"meters",c(-111.8513889, 41.7911111)
"479",479,"25205.1*A",38.7547222,-109.7547222,27570,"140300050202",1383.31,"meters",c(-109.7547222, 38.7547222)
"480",480,"25233.*A",41.1955556,-112.0127778,31428,"160201020604",1354.11,"meters",c(-112.0127778, 41.1955556)
"481",481,"25269.*A",40.2191667,-111.7233333,47068,"160202010900",1369.22,"meters",c(-111.7233333, 40.2191667)
"482",482,"25289.*A",40.7883333,-111.9775,31437,"160202040405",1286.35,"meters",c(-111.9775, 40.7883333)
"483",483,"25282.02*A",37.0363889,-113.5102778,84647,"150100090605",872.17,"meters",c(-113.5102778, 37.0363889)
"484",484,"25324.*A",40.4408333,-109.5097222,51408,"140600100903",1599.95,"meters",c(-109.5097222, 40.4408333)
"485",485,"25333.*A",40.7186111,-114.0286111,66317,"160203061601",1287.26,"meters",c(-114.0286111, 40.7186111)
"486",486,"25666.*A",38.1394444,-78.4522222,50220,"020802040303",190.81,"meters",c(-78.4522222, 38.1394444)
"487",487,"25863.*A",37.3252778,-79.2011111,27982,"030101011504",281.47,"meters",c(-79.2011111, 37.3252778)
"488",488,"25897.*A",37.1316667,-76.4927778,669,"020801080101",11.08,"meters",c(-76.4927778, 37.1316667)
"489",489,"25905.*A",36.8944444,-76.2011111,30104,"020801080202",7.42,"meters",c(-76.2011111, 36.8944444)
"490",490,"25977.*A",37.505,-77.3194444,51581,"020802060503",47.09,"meters",c(-77.3194444, 37.505)
"491",491,"25986.*A",37.3252778,-79.9752778,52486,"030101010403",354.99,"meters",c(-79.9752778, 37.3252778)
"492",492,"26022.1*A",38.2636111,-78.8963889,50669,"020700050303",360.48,"meters",c(-78.8963889, 38.2636111)
"493",493,"55027.*A",18.3372222,-64.9733333,83207,"210200010104",5.99,"meters",c(-64.9733333, 18.3372222)
"494",494,"55030.*A",17.7013889,-64.8016667,82856,"210200020203",13.56,"meters",c(-64.8016667, 17.7013889)
"495",495,"25385.*A",44.4719444,-73.1530556,45589,"043001030704",100.6,"meters",c(-73.1530556, 44.4719444)
"496",496,"25526.*A",43.5297222,-72.9494444,45659,"043001020109",239.46,"meters",c(-72.9494444, 43.5297222)
"497",497,"26109.*A",48.7925,-122.5375,77008,"171100040505",48.22,"meters",c(-122.5375, 48.7925)
"498",498,"26210.*A",47.9069444,-122.2813889,77147,"171100190203",179.92,"meters",c(-122.2813889, 47.9069444)
"499",499,"26307.*A",47.2083333,-119.3188889,9197,"170200150406",355.94,"meters",c(-119.3188889, 47.2083333)
"500",500,"26345.*A",46.2644444,-119.1188889,73661,"170200160507",121.11,"meters",c(-119.1188889, 46.2644444)
"501",501,"26372.*A",46.7436111,-117.1094444,79752,"170601080202",771.35,"meters",c(-117.1094444, 46.7436111)
"502",502,"26396.*A",47.53,-122.3019444,76551,"171100130305",4.77,"meters",c(-122.3019444, 47.53)
"503",503,"26395.*A",47.4497222,-122.3116667,77148,"171100190204",123.94,"meters",c(-122.3116667, 47.4497222)
"504",504,"26416.*A",47.6188889,-117.535,74715,"170103060306",719.7,"meters",c(-117.535, 47.6188889)
"505",505,"26450.*A",46.095,-118.2858333,77061,"170701020808",356.66,"meters",c(-118.2858333, 46.095)
"506",506,"26461.*A",47.3980556,-120.2055556,73500,"170200100313",374.46,"meters",c(-120.2055556, 47.3980556)
"507",507,"26480.*A",46.5680556,-120.5438889,74132,"170300030105",325.99,"meters",c(-120.5438889, 46.5680556)
"508",508,"27013.1*A",44.2580556,-88.5188889,50860,"040302040202",267.79,"meters",c(-88.5188889, 44.2580556)
"509",509,"27170.*A",44.8655556,-91.4841667,29024,"070500050502",270.89,"meters",c(-91.4841667, 44.8655556)
"510",510,"27234.*A",44.4844444,-88.1297222,50910,"040302040404",206.98,"meters",c(-88.1297222, 44.4844444)
"511",511,"27272.*A",42.62,-89.0413889,73965,"070900021303",244.77,"meters",c(-89.0413889, 42.62)
"512",512,"27304.*A",43.8791667,-91.2563889,62559,"070400060103",198.5,"meters",c(-91.2563889, 43.8791667)
"513",513,"27346.*A",43.1397222,-89.3375,75459,"070900020701",260.95,"meters",c(-89.3375, 43.1397222)
"514",514,"27388.*A",42.9469444,-87.8969444,38710,"040400030501",204.89,"meters",c(-87.8969444, 42.9469444)
"515",515,"27406.31*A",44.7775,-89.6666667,77915,"070700021807",380.08,"meters",c(-89.6666667, 44.7775)
"516",516,"27524.*A",45.6308333,-89.4663889,36,"070700010603",488.74,"meters",c(-89.4663889, 45.6308333)
"517",517,"26520.*A",37.7872222,-81.1241667,82933,"050500040103",756.4,"meters",c(-81.1241667, 37.7872222)
"518",518,"26575.*A",38.3758333,-81.5927778,17843,"050500070909",283.2,"meters",c(-81.5927778, 38.3758333)
"519",519,"26582.*A",39.2975,-80.2275,83262,"050200020401",363.86,"meters",c(-80.2275, 39.2975)
"520",520,"26693.*A",38.3683333,-82.5602778,18285,"050702040406",251.16,"meters",c(-82.5602778, 38.3683333)
"521",521,"26713.*A",37.8580556,-80.3994444,2694,"050500030903",697.18,"meters",c(-80.3994444, 37.8580556)
"522",522,"26768.*A",39.6433333,-79.9175,83310,"050200030309",376.59,"meters",c(-79.9175, 39.6433333)
"523",523,"26820.*A",39.3447222,-81.4391667,83279,"050302020101",253.04,"meters",c(-81.4391667, 39.3447222)
"524",524,"27754.*A",42.9058333,-106.4636111,96017,"101800070604",1624.52,"meters",c(-106.4636111, 42.9058333)
"525",525,"27759.*A",41.1555556,-104.8102778,74814,"101900090109",1868.91,"meters",c(-104.8102778, 41.1555556)
"526",526,"27765.*A",44.52,-109.0236111,55438,"100800140106",1545.42,"meters",c(-109.0236111, 44.52)
"527",527,"27789.*A",44.3488889,-105.5391667,68484,"100902080102",1321.23,"meters",c(-105.5391667, 44.3488889)
"528",528,"27813.*A",43.6072222,-110.7375,102209,"170401010610",1960.12,"meters",c(-110.7375, 43.6072222)
"529",529,"27834.*A",41.3119444,-105.675,73349,"101800100602",2217.22,"meters",c(-105.675, 41.3119444)
"530",530,"27876.*A",43.0641667,-108.4597222,73395,"100800011005",1666.3,"meters",c(-108.4597222, 43.0641667)
"531",531,"27878.*A",41.5941667,-109.065,73413,"140401050903",2055.43,"meters",c(-109.065, 41.5941667)
"532",532,"27882.*A",44.7691667,-106.9802778,79232,"100901010107",1215.96,"meters",c(-106.9802778, 44.7691667)
"533",533,"27905.*A",43.9627778,-107.9502778,76198,"100800071106",1281.24,"meters",c(-107.9502778, 43.9627778)
